-- MySQL dump 10.13  Distrib 5.6.44, for Win64 (x86_64)
--
-- Host: localhost    Database: homework
-- ------------------------------------------------------
-- Server version	5.6.44

/*!40101 SET @OLD_CHARACTER_SET_CLIENT=@@CHARACTER_SET_CLIENT */;
/*!40101 SET @OLD_CHARACTER_SET_RESULTS=@@CHARACTER_SET_RESULTS */;
/*!40101 SET @OLD_COLLATION_CONNECTION=@@COLLATION_CONNECTION */;
/*!40101 SET NAMES utf8 */;
/*!40103 SET @OLD_TIME_ZONE=@@TIME_ZONE */;
/*!40103 SET TIME_ZONE='+00:00' */;
/*!40014 SET @OLD_UNIQUE_CHECKS=@@UNIQUE_CHECKS, UNIQUE_CHECKS=0 */;
/*!40014 SET @OLD_FOREIGN_KEY_CHECKS=@@FOREIGN_KEY_CHECKS, FOREIGN_KEY_CHECKS=0 */;
/*!40101 SET @OLD_SQL_MODE=@@SQL_MODE, SQL_MODE='NO_AUTO_VALUE_ON_ZERO' */;
/*!40111 SET @OLD_SQL_NOTES=@@SQL_NOTES, SQL_NOTES=0 */;

--
-- Current Database: `homework`
--

CREATE DATABASE /*!32312 IF NOT EXISTS*/ `homework` /*!40100 DEFAULT CHARACTER SET utf8 */;

USE `homework`;

--
-- Table structure for table `class`
--

DROP TABLE IF EXISTS `class`;
/*!40101 SET @saved_cs_client     = @@character_set_client */;
/*!40101 SET character_set_client = utf8 */;
CREATE TABLE `class` (
  `cid` int(11) NOT NULL AUTO_INCREMENT,
  `caption` varchar(32) NOT NULL,
  PRIMARY KEY (`cid`)
) ENGINE=InnoDB AUTO_INCREMENT=5 DEFAULT CHARSET=utf8;
/*!40101 SET character_set_client = @saved_cs_client */;

--
-- Dumping data for table `class`
--

LOCK TABLES `class` WRITE;
/*!40000 ALTER TABLE `class` DISABLE KEYS */;
INSERT INTO `class` VALUES (1,'三年二班'),(2,'三年三班'),(3,'一年二班'),(4,'二年九班');
/*!40000 ALTER TABLE `class` ENABLE KEYS */;
UNLOCK TABLES;

--
-- Table structure for table `course`
--

DROP TABLE IF EXISTS `course`;
/*!40101 SET @saved_cs_client     = @@character_set_client */;
/*!40101 SET character_set_client = utf8 */;
CREATE TABLE `course` (
  `cid` int(11) NOT NULL AUTO_INCREMENT,
  `cname` varchar(32) NOT NULL,
  `teacher_id` int(11) NOT NULL,
  PRIMARY KEY (`cid`),
  KEY `fk_course_teacher` (`teacher_id`),
  CONSTRAINT `fk_course_teacher` FOREIGN KEY (`teacher_id`) REFERENCES `teacher` (`tid`)
) ENGINE=InnoDB AUTO_INCREMENT=5 DEFAULT CHARSET=utf8;
/*!40101 SET character_set_client = @saved_cs_client */;

--
-- Dumping data for table `course`
--

LOCK TABLES `course` WRITE;
/*!40000 ALTER TABLE `course` DISABLE KEYS */;
INSERT INTO `course` VALUES (1,'生物',1),(2,'物理',2),(3,'体育',3),(4,'美术',2);
/*!40000 ALTER TABLE `course` ENABLE KEYS */;
UNLOCK TABLES;

--
-- Table structure for table `score`
--

DROP TABLE IF EXISTS `score`;
/*!40101 SET @saved_cs_client     = @@character_set_client */;
/*!40101 SET character_set_client = utf8 */;
CREATE TABLE `score` (
  `sid` int(11) NOT NULL AUTO_INCREMENT,
  `student_id` int(11) NOT NULL,
  `course_id` int(11) NOT NULL,
  `num` int(11) NOT NULL,
  PRIMARY KEY (`sid`),
  KEY `fk_score_student` (`student_id`),
  KEY `fk_score_course` (`course_id`),
  CONSTRAINT `fk_score_course` FOREIGN KEY (`course_id`) REFERENCES `course` (`cid`),
  CONSTRAINT `fk_score_student` FOREIGN KEY (`student_id`) REFERENCES `student` (`sid`)
) ENGINE=InnoDB AUTO_INCREMENT=53 DEFAULT CHARSET=utf8;
/*!40101 SET character_set_client = @saved_cs_client */;

--
-- Dumping data for table `score`
--

LOCK TABLES `score` WRITE;
/*!40000 ALTER TABLE `score` DISABLE KEYS */;
INSERT INTO `score` VALUES (1,1,1,10),(2,1,2,9),(5,1,4,66),(6,2,1,8),(8,2,3,68),(9,2,4,99),(10,3,1,77),(11,3,2,66),(12,3,3,87),(13,3,4,99),(14,4,1,79),(15,4,2,11),(16,4,3,67),(17,4,4,100),(18,5,1,79),(19,5,2,11),(20,5,3,67),(21,5,4,100),(22,6,1,9),(23,6,2,100),(24,6,3,67),(25,6,4,100),(26,7,1,9),(27,7,2,100),(28,7,3,67),(29,7,4,88),(30,8,1,9),(31,8,2,100),(32,8,3,67),(33,8,4,88),(34,9,1,91),(35,9,2,88),(36,9,3,67),(37,9,4,22),(38,10,1,90),(39,10,2,77),(40,10,3,43),(41,10,4,87),(42,11,1,90),(43,11,2,77),(44,11,3,43),(45,11,4,87),(46,12,1,90),(47,12,2,77),(48,12,3,43),(49,12,4,87),(52,13,3,87);
/*!40000 ALTER TABLE `score` ENABLE KEYS */;
UNLOCK TABLES;

--
-- Table structure for table `student`
--

DROP TABLE IF EXISTS `student`;
/*!40101 SET @saved_cs_client     = @@character_set_client */;
/*!40101 SET character_set_client = utf8 */;
CREATE TABLE `student` (
  `sid` int(11) NOT NULL AUTO_INCREMENT,
  `gender` char(1) NOT NULL,
  `class_id` int(11) NOT NULL,
  `sname` varchar(32) NOT NULL,
  PRIMARY KEY (`sid`),
  KEY `fk_class` (`class_id`),
  CONSTRAINT `fk_class` FOREIGN KEY (`class_id`) REFERENCES `class` (`cid`)
) ENGINE=InnoDB AUTO_INCREMENT=19 DEFAULT CHARSET=utf8;
/*!40101 SET character_set_client = @saved_cs_client */;

--
-- Dumping data for table `student`
--

LOCK TABLES `student` WRITE;
/*!40000 ALTER TABLE `student` DISABLE KEYS */;
INSERT INTO `student` VALUES (1,'男',1,'理解'),(2,'女',1,'钢蛋'),(3,'男',1,'张三'),(4,'男',1,'张一'),(5,'女',1,'张二'),(6,'男',1,'张四'),(7,'女',2,'铁锤'),(8,'男',2,'李三'),(9,'男',2,'李一'),(10,'女',2,'李二'),(11,'男',2,'李四'),(12,'女',3,'如花'),(13,'男',3,'刘三'),(14,'男',3,'刘一'),(15,'女',3,'刘二'),(16,'男',3,'刘四'),(18,'男',3,'大壮');
/*!40000 ALTER TABLE `student` ENABLE KEYS */;
UNLOCK TABLES;

--
-- Table structure for table `teacher`
--

DROP TABLE IF EXISTS `teacher`;
/*!40101 SET @saved_cs_client     = @@character_set_client */;
/*!40101 SET character_set_client = utf8 */;
CREATE TABLE `teacher` (
  `tid` int(11) NOT NULL AUTO_INCREMENT,
  `tname` varchar(32) NOT NULL,
  PRIMARY KEY (`tid`)
) ENGINE=InnoDB AUTO_INCREMENT=6 DEFAULT CHARSET=utf8;
/*!40101 SET character_set_client = @saved_cs_client */;

--
-- Dumping data for table `teacher`
--

LOCK TABLES `teacher` WRITE;
/*!40000 ALTER TABLE `teacher` DISABLE KEYS */;
INSERT INTO `teacher` VALUES (1,'张磊老师'),(2,'李平老师'),(3,'刘海燕老师'),(4,'朱云海老师'),(5,'李杰老师');
/*!40000 ALTER TABLE `teacher` ENABLE KEYS */;
UNLOCK TABLES;
/*!40103 SET TIME_ZONE=@OLD_TIME_ZONE */;

/*!40101 SET SQL_MODE=@OLD_SQL_MODE */;
/*!40014 SET FOREIGN_KEY_CHECKS=@OLD_FOREIGN_KEY_CHECKS */;
/*!40014 SET UNIQUE_CHECKS=@OLD_UNIQUE_CHECKS */;
/*!40101 SET CHARACTER_SET_CLIENT=@OLD_CHARACTER_SET_CLIENT */;
/*!40101 SET CHARACTER_SET_RESULTS=@OLD_CHARACTER_SET_RESULTS */;
/*!40101 SET COLLATION_CONNECTION=@OLD_COLLATION_CONNECTION */;
/*!40111 SET SQL_NOTES=@OLD_SQL_NOTES */;

-- Dump completed on 2019-06-26 11:06:16
